<keymap version="1" name="Visual Studio copy" parent="Visual Studio">
  <action id="CheckinProject" />
  <action id="CommentByBlockComment">
    <keyboard-shortcut first-keystroke="shift ctrl slash" />
    <keyboard-shortcut first-keystroke="shift ctrl divide" />
    <keyboard-shortcut first-keystroke="shift ctrl colon" />
    <keyboard-shortcut first-keystroke="shift ctrl k" second-keystroke="c" />
    <keyboard-shortcut first-keystroke="shift ctrl k" second-keystroke="u" />
  </action>
  <action id="CommentByLineComment">
    <keyboard-shortcut first-keystroke="ctrl slash" />
    <keyboard-shortcut first-keystroke="ctrl divide" />
    <keyboard-shortcut first-keystroke="ctrl colon" />
    <keyboard-shortcut first-keystroke="ctrl k" second-keystroke="c" />
    <keyboard-shortcut first-keystroke="ctrl k" second-keystroke="u" />
  </action>
  <action id="Vcs.Push" />
</keymap>