<code_scheme name="Default" version="173">
  <Objective-C>
    <option name="SPACE_BEFORE_TEMPLATE_DECLARATION_LT" value="true" />
    <option name="SPACE_BEFORE_POINTER_IN_DECLARATION" value="false" />
    <option name="SPACE_AFTER_POINTER_IN_DECLARATION" value="true" />
    <option name="SPACE_BEFORE_REFERENCE_IN_DECLARATION" value="false" />
    <option name="SPACE_AFTER_REFERENCE_IN_DECLARATION" value="true" />
    <option name="FIELDS_NAMING_CONVENTION">
      <value prefix="m_" style="CAMEL_CASE" suffix="" />
    </option>
  </Objective-C>
  <codeStyleSettings language="ObjectiveC">
    <option name="SPACE_WITHIN_ARRAY_INITIALIZER_BRACES" value="true" />
  </codeStyleSettings>
</code_scheme>